Anju Blue;55;https://www.capcho.com/wp-content/uploads/anju-blue-600x600.png
Anju White;55;https://www.capcho.com/wp-content/uploads/anju-white-600x600.png
Apala Blue;55;https://www.capcho.com/wp-content/uploads/apala-blue-600x600.png
Black Jordan;55;https://www.courir.com/dw/image/v2/BCCL_PRD/on/demandware.static/-/Sites-master-catalog-courir/default/dw3d48a0aa/images/hi-res/001442523_101.png?sw=600&sh=600&sm=fit
BROOKLYN Navy;55;https://www.capcho.com/wp-content/uploads/BROOKLYN-Navy-600x600.png
Serenity Gris;55;https://media3.chapellerie-traclet.com/51843-large/bonnet-pompon-serenity-gris-barts-fausse-fourrure-.jpg
London Rainbow;55;https://www.capcho.com/wp-content/uploads/CITY-London-600x600.png
Classic Grey;55;https://www.poudreorganic.fr/shop/1473-pos_thickbox/bonnet-cotele-gris-chine.jpg
Dipa Blue;55;https://www.capcho.com/wp-content/uploads/dipa-blue-600x600.png
Barts Black;55;https://media2.chapellerie-traclet.com/56115-large/bonnet-casquette-silo-noir-barts.jpg
Fox Green;55;https://assets.probikeshop.fr/images/products2/68/139615/600x600-139615_15053029845138.png
Snow Glory;55;http://www.com1kdo.com/5523/bonnet-reine-des-neiges-fushia.jpg
Nantais;55;https://cdn.shopify.com/s/files/1/2415/0381/products/75446-bonnet-beanie-a-revers-bonnet-nantaise-de-nantes-dos_600x600.png?v=1524215097